"","#wt(ATARiS)","#mut(ATARiS)","pvalue(ATARiS)","is_significant(ATARiS)","wt_median(DEMETER2)","wt_IQR(DEMETER2)","mut_median(DEMETER2)","mut_IQR(DEMETER2)","#wt(CRISPR)","#mut(CRISPR)","pvalue(CRISPR)","is_significant(CRISPR)","intogen_gene_role","tcga_expression_in_50pc_tumor_samples","tcga_deleterious_mutation_frequency","tcga_nrSamplesInMutData"
"PREX2",2,2,0.208404046793264,"no",0.113230103624441,0.0764927468670115,0.0751497942777658,0.0240627361013633,1,2,NA,NA,"BLCA_Act,BRCA_Act,CM_Act,DLBCL_Act,ESCA_Act,PRAD_Act","yes",0.00352733686067019,567
"CALCR",4,2,0.246080797386944,"no",0.00829882689514745,0.0737008759337201,0.0692533889483577,0.0586274551492033,3,2,0.636006612501846,"no","","yes",0.00881834215167548,567
"KIAA1549",3,2,0.334574544412749,"no",-0.210241667173714,0.031908729452472,-0.305775702782594,0.099473276734722,2,2,0.66485426250091,"no","","yes",0.00705467372134039,567
"PDE1C",4,2,0.457688343040368,"no",-0.103097611143398,0.0942823002308539,-0.109654119070171,0.0644440025908945,3,2,0.879414386612547,"no","","yes",0.0105820105820106,567
"FREM2",4,2,0.831058898614762,"no",-0.0264446878686329,0.0289673733251341,0.0174684841449899,0.005596274450551,3,2,0.615500051438847,"no","","yes",0.00529100529100529,567
"SPEG",3,2,0.980844505703673,"no",0.135457619926331,0.102061151509644,0.0681699642225629,0.0106317130250286,2,2,0.622644521722749,"no","","yes",0.017636684303351,567
