"","#wt(ATARiS)","#mut(ATARiS)","pvalue(ATARiS)","is_significant(ATARiS)","wt_median(DEMETER2)","wt_IQR(DEMETER2)","mut_median(DEMETER2)","mut_IQR(DEMETER2)","#wt(CRISPR)","#mut(CRISPR)","pvalue(CRISPR)","is_significant(CRISPR)","intogen_gene_role"
"SMARCA4",2,3,0.0709086146176318,"no",0.025811208377805,0.0392047126846483,-0.1045628996181,0.141682590785463,2,3,0.244995230244143,"no","BLCA_LoF,BLY_LoF,COREAD_LoF,ESCA_LoF,HC_LoF,HNSC_LoF,LGG_LoF,LUAD_LoF,MBL_LoF,NHLY_LoF,NSCLC_LoF,PAAD_LoF,PIA_LoF,RPC_LoF,THYM_LoF"
"GPR98",3,2,0.265467196026935,"no",NA,NA,NA,NA,0,0,NA,NA,""
"TIAM1",3,2,0.31441530526443,"no",0.0243161735699077,0.180320615199088,0.0244991426319569,0.0549219718255926,3,2,0.449254817747908,"no",""
"NTNG1",2,2,0.379731598101276,"no",-0.0858418472198524,0.0060290942211835,-0.177205958774679,0.012302139160525,2,2,0.303488595138169,"no",""
"KIF15",2,2,0.433696540979042,"no",-0.375080574173322,0.0891186815107115,-0.494679296747255,0.095490003688835,2,2,0.419455850605823,"no",""
"MME",3,2,0.811833793171624,"no",0.0933088838379472,0.0834488156371036,0.186250708122916,0.0286817188746645,3,2,0.209641667508876,"no",""
"SPG7",3,2,0.857248896146072,"no",-0.0946541995862701,0.0375139339805692,0.0514143212474065,0.180214887706584,3,2,0.616065056818446,"no",""
