"","#wt(ATARiS)","#mut(ATARiS)","pvalue(ATARiS)","is_significant(ATARiS)","wt_median(DEMETER2)","wt_IQR(DEMETER2)","mut_median(DEMETER2)","mut_IQR(DEMETER2)","#wt(CRISPR)","#mut(CRISPR)","pvalue(CRISPR)","is_significant(CRISPR)","intogen_gene_role","tcga_expression_in_50pc_tumor_samples","tcga_deleterious_mutation_frequency","tcga_nrSamplesInMutData"
"SMAD4",4,3,0.204527301634922,"no",0.146253542912636,0.292304489738891,-0.0964313986168494,0.0964041588713141,4,3,0.143066485098794,"no","BRCA_LoF,CESC_LoF,CH_LoF,COREAD_LoF,ESCA_LoF,HNSC_LoF,PAAD_LoF,PRAD_LoF,ST_LoF","yes",0.0078740157480315,508
"ALDH3B2",4,2,0.508671815645633,"no",0.0525477477900169,0.071402597781649,0.107667997168507,0.058088396002947,4,2,0.74912753935087,"no","","yes",0,508
"CRBN",6,2,0.578065734992182,"no",-0.0645648708468727,0.120507405369783,-0.085440026148181,0.138738441933099,6,2,0.277488974613187,"no","","yes",0,508
"CDKN2A",3,4,0.689751578268201,"no",-0.000868437802224374,0.0390988344421002,0.0746408137560595,0.0872174851174376,3,4,0.390740507413114,"no","ACY_LoF,BLCA_LoF,BRCA_LoF,CH_LoF,CM_LoF,ESCA_LoF,GBM_LoF,HC_LoF,HNSC_LoF,LGG_LoF,LUAD_LoF,LUSC_LoF,NSCLC_LoF,OS_LoF,PAAD_LoF,RCCC_LoF,SSCC_LoF,ST_LoF,VV_LoF","yes",0.165354330708661,508
"MSH3",8,2,0.825127003922842,"no",0.106780508422681,0.161828741358377,0.0650568555381306,0.0139038519333581,8,2,0.357879146293726,"no","","yes",0.00393700787401575,508
