"","#wt(ATARiS)","#mut(ATARiS)","pvalue(ATARiS)","is_significant(ATARiS)","wt_median(DEMETER2)","wt_IQR(DEMETER2)","mut_median(DEMETER2)","mut_IQR(DEMETER2)","#wt(CRISPR)","#mut(CRISPR)","pvalue(CRISPR)","is_significant(CRISPR)","intogen_gene_role","tcga_expression_in_50pc_tumor_samples","tcga_missense_mutation_frequency","tcga_nrSamplesInMutData"
"CYP4Z1_155",13,2,0.0233039716416165,"yes",0.0887690300400192,0.106842082007574,0.0514194506774064,0.110097706841482,12,2,0.547912414721201,"no","","yes",0,184
"LGALS13_18",13,2,0.250845940544394,"no",0.0392032762809443,0.126461250543354,-0.0519806038502877,0.0812505041192222,12,2,0.529868550300382,"no","","no",0,184
"GATA3_395",12,2,0.398113325261033,"no",-0.0247082632069459,0.0814492878923963,-0.0313767669994127,0.0118837161460954,12,2,0.401222297912285,"no","ALL_LoF,BRCA_LoF","yes",0,184
"CBS_405",12,2,0.441364518177461,"no",NA,NA,NA,NA,11,2,0.760394067893198,"no","","yes",0,184
"MRGPRX1_46",6,2,0.455965136156227,"no",-0.263797422707859,0.137709905023319,-0.134841930862864,0.0733953534231061,5,2,0.47027358868541,"no","","no",0,184
"RUNX2_426",10,2,0.494716865429108,"no",0.0071973343476882,0.120786640047788,-0.00546777847324225,0.0980184436785538,9,2,0.577401567405281,"no","","yes",0,184
"AKR1B15_115",11,2,0.669267026245035,"no",-0.0529815381932307,0.110605310680331,-0.0521082638569914,0.0380294259018509,10,2,0.643342053352366,"no","","yes",0,184
"KIF2B_654",11,2,0.677002618546412,"no",-0.0206861787407646,0.0903797940962575,-0.0097161289285332,0.0361743336925759,10,2,0.292452475796263,"no","","no",0,184
"ADRBK1_311",10,2,0.816392803846756,"no",NA,NA,NA,NA,0,0,NA,NA,"",NA,0,184
"BRAF_326",12,2,0.859768772872714,"no",0.0526807283377071,0.128144657538656,0.111707136193344,0.0220553418945979,12,2,0.371753629161218,"no","BLCA_Act,BRCA_Act,CLL_Act,CM_Act,COREAD_Act,DLBCL_Act,GBM_Act,HGG_Act,LGG_Act,LUAD_Act,LUSC_Act,MM_Act,NSCLC_Act,OV_Act,PIA_Act,PRAD_Act,RPC_Act,THCA_Act,UCEC_Act","yes",0,184
"SAFB2_901",11,2,0.89359068047005,"no",-0.0943000511162375,0.0692980783843167,-0.044392196772789,0.0253466750216338,10,2,0.51669493285407,"no","","yes",0,184
"CSRP2BP_103",11,2,0.964923522119772,"no",NA,NA,NA,NA,0,0,NA,NA,"",NA,0,184
